block,client_id,count
encoder.layer.8,0,24
encoder.layer.7,0,24
pooler,0,24
encoder.layer.11,0,8
embeddings,0,7
encoder.layer.9,0,7
encoder.layer.6,0,2
encoder.layer.8,1,24
encoder.layer.7,1,24
pooler,1,24
encoder.layer.9,1,17
encoder.layer.6,1,5
encoder.layer.11,1,2
encoder.layer.8,2,24
encoder.layer.7,2,24
pooler,2,24
encoder.layer.9,2,16
encoder.layer.11,2,6
encoder.layer.6,2,2
encoder.layer.8,3,24
encoder.layer.7,3,24
pooler,3,24
encoder.layer.11,3,23
encoder.layer.6,3,1
encoder.layer.8,4,24
encoder.layer.7,4,24
pooler,4,24
encoder.layer.9,4,20
encoder.layer.6,4,2
encoder.layer.11,4,1
embeddings,4,1
